{
  "version": 1,
  "author": "Divyesh Bansal",
  "editor": "wokwi",
  "parts": [
    { "type": "wokwi-breadboard-half", "id": "bb1", "top": -89.4, "left": -112.4, "attrs": {} },
    {
      "type": "wokwi-pi-pico",
      "id": "pico",
      "top": 112.05,
      "left": 3.6,
      "attrs": { "env": "micropython-20241129-v1.24.1" }
    },
    { "type": "wokwi-dht22", "id": "dht1", "top": 9.9, "left": -226.2, "attrs": {} },
    { "type": "wokwi-potentiometer", "id": "pot1", "top": 171.5, "left": -96.2, "attrs": {} },
    {
      "type": "board-ssd1306",
      "id": "oled1",
      "top": 252.74,
      "left": 125.03,
      "attrs": { "i2cAddress": "0x3c" }
    }
  ],
  "connections": [
    [ "pico:3V3", "bb1:bp.25", "green", [ "h0" ] ],
    [ "pico:GND.8", "bb1:bn.23", "black", [ "h0" ] ],
    [ "dht1:VCC", "bb1:bp.1", "red", [ "v0" ] ],
    [ "dht1:GND", "bb1:bn.1", "black", [ "v0" ] ],
    [ "pico:GP15", "dht1:SDA", "green", [ "h0" ] ],
    [ "bb1:bn.19", "oled1:GND", "green", [ "v0" ] ],
    [ "oled1:VCC", "bb1:bp.24", "red", [ "v0" ] ],
    [ "oled1:SCL", "pico:GP1", "green", [ "v0" ] ],
    [ "pico:GP0", "oled1:SDA", "green", [ "h0" ] ],
    [ "pot1:GND", "bb1:bn.2", "black", [ "v0" ] ],
    [ "pot1:VCC", "bb1:bp.3", "red", [ "v0" ] ],
    [ "pot1:SIG", "pico:GP26", "green", [ "v0" ] ]
  ],
  "dependencies": {}
}