{
  "version": 1,
  "author": "Divyesh Bansal",
  "editor": "wokwi",
  "parts": [
    { "type": "wokwi-breadboard-half", "id": "bb1", "top": 16.2, "left": -198.8, "attrs": {} },
    {
      "type": "wokwi-pi-pico",
      "id": "pico",
      "top": 92.85,
      "left": 166.8,
      "attrs": { "env": "micropython-20241129-v1.24.1" }
    },
    { "type": "wokwi-led", "id": "led1", "top": -51.6, "left": 13.4, "attrs": { "color": "red" } },
    { "type": "wokwi-relay-module", "id": "relay1", "top": 297.8, "left": -9.6, "attrs": {} },
    { "type": "wokwi-dht22", "id": "dht1", "top": 105.9, "left": -255, "attrs": {} },
    {
      "type": "board-ssd1306",
      "id": "oled1",
      "top": -64.06,
      "left": 115.43,
      "attrs": { "i2cAddress": "0x3c" }
    },
    {
      "type": "wokwi-resistor",
      "id": "r1",
      "top": -15.25,
      "left": -67.2,
      "attrs": { "value": "220" }
    }
  ],
  "connections": [
    [ "dht1:GND", "bb1:bn.1", "black", [ "v0" ] ],
    [ "dht1:VCC", "bb1:bp.1", "red", [ "v0" ] ],
    [ "dht1:SDA", "pico:GP15", "green", [ "v0" ] ],
    [ "pico:GP0", "oled1:SDA", "green", [ "h0" ] ],
    [ "pico:GP1", "oled1:SCL", "green", [ "h0" ] ],
    [ "oled1:VCC", "bb1:bp.25", "red", [ "v0" ] ],
    [ "oled1:GND", "bb1:bn.25", "black", [ "v0" ] ],
    [ "pico:GP16", "relay1:IN", "green", [ "v0" ] ],
    [ "relay1:GND", "bb1:bn.6", "black", [ "h0" ] ],
    [ "relay1:VCC", "bb1:bp.7", "red", [ "h0" ] ],
    [ "led1:A", "pico:GP17", "green", [ "v0" ] ],
    [ "r1:2", "led1:C", "green", [ "v0" ] ],
    [ "r1:1", "bb1:bn.12", "green", [ "v0" ] ]
  ],
  "dependencies": {}
}